{"stat.pickup.minecraft.rotten_flesh":2,"stat.useItem.minecraft.diamond_hoe":10,"stat.flyOneCm":1018,"stat.pickup.earth38.waffle":4,"stat.useItem.earth38.waffle_seed":4,"stat.walkOneCm":7621,"stat.swimOneCm":173,"stat.jump":16,"stat.playOneMinute":7190,"stat.craftItem.minecraft.planks":32,"stat.damageTaken":210,"stat.damageDealt":200,"stat.killEntity.Zombie":1,"stat.timeSinceDeath":7190,"stat.pickup.earth38.waffle_seed":7,"stat.mobKills":1,"stat.useItem.minecraft.stone_slab2":1,"stat.useItem.minecraft.dye":9,"stat.useItem.minecraft.diamond_sword":3,"stat.pickup.minecraft.planks":32,"stat.craftingTableInteraction":2}