{
  "minecraft:recipes/redstone/stone_button": {
    "criteria": {
      "has_stone": "2019-02-19 21:51:58 -0800"
    },
    "done": true
  },
  "minecraft:recipes/building_blocks/stonebrick": {
    "criteria": {
      "has_stone": "2019-02-19 21:51:58 -0800"
    },
    "done": true
  },
  "minecraft:recipes/building_blocks/stone_slab": {
    "criteria": {
      "has_stone": "2019-02-19 21:51:58 -0800"
    },
    "done": true
  },
  "minecraft:recipes/redstone/stone_pressure_plate": {
    "criteria": {
      "has_stone": "2019-02-19 21:51:58 -0800"
    },
    "done": true
  },
  "minecraft:adventure/adventuring_time": {
    "criteria": {
      "forest_hills": "2019-02-19 21:52:07 -0800",
      "plains": "2019-02-19 21:50:25 -0800",
      "river": "2019-02-19 21:50:44 -0800",
      "desert": "2019-02-19 21:50:01 -0800"
    },
    "done": false
  }
}